emoji,hexcode,group,subgroups,annotation,openmoji_tags,openmoji_author,openmoji_date
î€€,E000,extras-openmoji,animals-nature,goldfish,"goldfish, fish, water",Kai Magnus MÃ¼ller,2018-04-18
î€,E001,extras-openmoji,animals-nature,donkey,,Baris Camli,2018-04-18
î€‚,E002,extras-openmoji,animals-nature,poppy,"poppy, remembrance, veterans",Carlin MacKenzie,2019-12-20
î€ƒ,E003,extras-openmoji,animals-nature,doe,"forest, hunt, antler, deer",Carlin MacKenzie,2020-03-21
î€„,E004,extras-openmoji,animals-nature,spouting-orca,"cetacean, whale, spouting, orca, killer whale, blackfish, swim, animal, water",Selina Bauder,2018-04-18
î€…,E005,extras-openmoji,animals-nature,orca,"cetacean, whale, orca, killer whale, blackfish, swim, animal, water",Selina Bauder,2018-04-18
î€†,E006,extras-openmoji,animals-nature,narwhal,"cetacean, whale, swim, animal, water",Kris Kowal,2020-04-04
î€‡,E007,extras-openmoji,animals-nature,beluga,"cetacean, whale, swim, animal, water",Kris Kowal,2020-04-04
î€ˆ,E008,extras-openmoji,animals-nature,porpoise,"cetacean, swim, animal, water",Kris Kowal,2020-04-04
î€‰,E009,extras-openmoji,animals-nature,pigeon,"vermin, rock dove, bird, city",Carlin MacKenzie,2020-06-13
î€,E010,extras-openmoji,animals-nature,macaw,"tropical, jungle, exotic, parrots",Carlin MacKenzie,2020-06-13
î€,E040,extras-openmoji,brand,Twitter,,Baris Camli,2018-04-18
î,E041,extras-openmoji,brand,pinterest,"social, platform, pins",Kai Wanschura,2018-04-18
î‚,E042,extras-openmoji,brand,facebook,"facebook, company, social-media",Kai Magnus MÃ¼ller,2018-04-18
îƒ,E043,extras-openmoji,brand,instagram,"instagram, facebook, company, social-media",Kai Magnus MÃ¼ller,2018-04-18
î„,E044,extras-openmoji,brand,youtube,"social, platform, video, brand",Romain Bazile,2019-09-03
î…,E045,extras-openmoji,brand,github,"social, platform, code, git, brand",Romain Bazile,2019-09-06
î†,E046,extras-openmoji,brand,linkedin,business,Daniel Utz,2020-04-25
î‡,E047,extras-openmoji,brand,android,google play,Alexander MÃ¼ller,2020-04-26
î‚€,E080,extras-openmoji,emergency,assembly point,,Guemil Project,2019-01-14
î‚,E081,extras-openmoji,emergency,assembly group,,Guemil Project,2019-01-14
î‚‚,E082,extras-openmoji,emergency,authority instruction,,Guemil Project,2019-01-14
î‚ƒ,E083,extras-openmoji,emergency,help others,"help elderly, help wheelchair",Guemil Project,2019-01-14
î‚„,E084,extras-openmoji,emergency,drop cover hold,earthquake safety,Guemil Project,2019-01-14
î‚…,E085,extras-openmoji,emergency,evacuate,,Guemil Project,2019-01-14
î‚†,E086,extras-openmoji,emergency,evacuate vertical,,Guemil Project,2019-01-14
î‚‡,E087,extras-openmoji,emergency,evacuate downstairs,,Guemil Project,2019-01-14
î‚ˆ,E088,extras-openmoji,emergency,evacuate to shelter,,Guemil Project,2019-01-14
î‚‰,E089,extras-openmoji,emergency,structural fire,,Guemil Project,2019-01-14
î‚Š,E08A,extras-openmoji,emergency,wild fire,,Guemil Project,2019-01-14
î‚‹,E08B,extras-openmoji,emergency,evacuate fire,,Guemil Project,2020-11-06
î‚Œ,E08C,extras-openmoji,emergency,warning tsunami,,Guemil Project,2019-01-14
î‚,E08D,extras-openmoji,emergency,warning volcano,,Guemil Project,2019-01-14
î‚,E08E,extras-openmoji,emergency,warning fire,,Guemil Project,2019-01-14
î‚,E08F,extras-openmoji,emergency,authority,,Guemil Project,2019-01-14
î‚,E090,extras-openmoji,emergency,first aid,red cross,Guemil Project,2019-01-14
î‚‘,E091,extras-openmoji,emergency,flagged point,white flag,Guemil Project,2019-01-14
î‚’,E092,extras-openmoji,emergency,flagged building,white flag,Guemil Project,2019-01-14
î‚“,E093,extras-openmoji,emergency,authority building,white flag,Guemil Project,2019-01-14
î‚”,E094,extras-openmoji,emergency,signpost,"orientation, crossroad",Guemil Project,2019-01-14
î‚•,E095,extras-openmoji,emergency,mobile info,,Guemil Project,2019-01-14
î‚–,E096,extras-openmoji,emergency,mobile message,,Guemil Project,2019-01-14
î‚—,E097,extras-openmoji,emergency,charge plug,low battery,Guemil Project,2019-01-14
î‚˜,E098,extras-openmoji,emergency,shelter,,Guemil Project,2019-01-14
î‚™,E099,extras-openmoji,emergency,volcano eruption,volcano fumarole,Guemil Project,2019-01-14
î‚š,E09A,extras-openmoji,emergency,volcano ashes,volcano eruption,Guemil Project,2019-01-14
î‚›,E09B,extras-openmoji,emergency,tsunami,,Guemil Project,2019-01-14
î‚œ,E09C,extras-openmoji,emergency,earthquake,,Guemil Project,2019-01-14
î‚,E09D,extras-openmoji,emergency,landslide,,Guemil Project,2019-01-14
î‚,E09E,extras-openmoji,emergency,avalanche,,Guemil Project,2019-01-14
î‚Ÿ,E09F,extras-openmoji,emergency,flood,,Guemil Project,2019-01-14
î‚ ,E0A0,extras-openmoji,emergency,north,,Guemil Project,2019-01-14
î‚¡,E0A1,extras-openmoji,emergency,transmission,,Guemil Project,2019-01-14
î‚¢,E0A2,extras-openmoji,emergency,sos stencil,,Guemil Project,2019-01-14
î‚£,E0A3,extras-openmoji,emergency,ok stencil,,Guemil Project,2019-01-14
î‚¤,E0A4,extras-openmoji,emergency,no stencil,,Guemil Project,2019-01-14
î‚¥,E0A5,extras-openmoji,emergency,warning strip,,Guemil Project,2019-01-14
î‚¦,E0A6,extras-openmoji,emergency,warning strip right,arrow,Guemil Project,2019-01-14
î‚§,E0A7,extras-openmoji,emergency,arrow turn right,,Guemil Project,2019-01-14
î‚¨,E0A8,extras-openmoji,emergency,emergency exit door,,Guemil Project,2020-11-06
î‚©,E0A9,extras-openmoji,emergency,location indicator red,,Guemil Project,2019-01-14
î‚ª,E0AA,extras-openmoji,emergency,electric plug red,,Guemil Project,2019-01-14
î‚«,E0AB,extras-openmoji,emergency,timer,"clock, alarm",Guemil Project,2019-01-14
îƒ€,E0C0,extras-openmoji,food-drink,half orange fruit,"citrus fruits, half",Hend Hourani,2018-11-16
î„„,E104,extras-openmoji,interaction,scroll,"vertical, y-axis, mouse, wheel, movement, up, down",Kai Wanschura,2018-04-18
î„€,E100,extras-openmoji,interaction,tap,,Baris Camli,2018-04-18
î„,E10D,extras-openmoji,interaction,exit,,Baris Camli,2018-04-18
î„…,E105,extras-openmoji,interaction,swipe,"swipe, finger, move, hand, sideways, app",Kai Wanschura,2018-04-18
î„,E101,extras-openmoji,interaction,double tap,,Baris Camli,2018-04-18
î„†,E106,extras-openmoji,interaction,scroll horizontal,"x-axis, move, mouse, scrollwheel, scrolling",Kai Wanschura,2018-04-18
î„‡,E107,extras-openmoji,interaction,page move,"movement, left, right, site, document, next, previous, paper",Kai Wanschura,2018-04-18
î„ˆ,E108,extras-openmoji,interaction,swipe left,"finger, movement, gesture, touch, app, left, x-axis, hand",Kai Wanschura,2018-04-18
î„‰,E109,extras-openmoji,interaction,swipe up,"finger, movement, gesture, touch, app, up, y-axis, hand",Kai Wanschura,2018-04-18
î„Š,E10A,extras-openmoji,interaction,swipe right,"finger, movement, gesture, touch, app, right, x-axis, hand",Kai Wanschura,2018-04-18
î„‹,E10B,extras-openmoji,interaction,swipe down,"finger, movement, gesture, touch, app, down, y-axis, hand",Kai Wanschura,2018-04-18
î„Œ,E10C,extras-openmoji,interaction,finger pushing button,"pushing, pressing, red, alarm, nuclear missile, launch, start, stop",Kai Wanschura,2018-04-18
î„‚,E102,extras-openmoji,interaction,three finger operation,,Baris Camli,2018-04-18
î„ƒ,E103,extras-openmoji,interaction,move,,Baris Camli,2018-04-18
î…‚,E142,extras-openmoji,objects,picture,"photo, picture, frame, landscape",Kai Magnus MÃ¼ller,2018-04-18
î…€,E140,extras-openmoji,objects,first aid kit,,Baris Camli,2018-04-18
î…ƒ,E143,extras-openmoji,objects,lighter,"lighter, bic",Kai Magnus MÃ¼ller,2018-04-18
î…,E141,extras-openmoji,objects,armchair,,Baris Camli,2018-04-18
î…„,E144,extras-openmoji,objects,outlet,outlet,Kai Magnus MÃ¼ller,2018-04-18
î†,E181,extras-openmoji,people,drunk person,"person, person-activity, person-gesture, person-sport, drunk, alcohol, party, beer, drinking",Johanna Wellnitz,2018-04-18
î†‚,E182,extras-openmoji,people,person with dog,"person, person-activity, dog, walking, animal, pet",Johanna Wellnitz,2018-04-18
î†ƒ,E183,extras-openmoji,people,trump,"trump, donald, president, america, usa",Sina Schulz,2018-04-18
î†„,E184,extras-openmoji,people,horse riding,equestrian,Johanna Wellnitz,2018-04-18
î‡‘,E1D1,extras-openmoji,technology,keyboard,"keyboard, key, type",Kai Magnus MÃ¼ller,2018-04-18
î‡Œ,E1CC,extras-openmoji,technology,tablet,"technology, device, portable, screen, phablet, ipad",Kai Wanschura,2018-04-18
î‡’,E1D2,extras-openmoji,technology,drone,"drone, UAV, quadcopter, RC",Kai Magnus MÃ¼ller,2018-04-18
î‡,E1CD,extras-openmoji,technology,gps,"navigation, localization, location, reception, signal, wireless, crosshair, where",Kai Wanschura,2018-04-18
î‡ƒ,E1C3,extras-openmoji,technology,switch,"toggling, changeover switch, exchange counter, left, right",Kai Wanschura,2018-04-18
î‡†,E1C6,extras-openmoji,technology,augmented reality,,Baris Camli,2018-04-18
î‡“,E1D3,extras-openmoji,technology,arduino,"arduino, prototyping, electric, sensor",Kai Magnus MÃ¼ller,2018-04-18
î‡‚,E1C2,extras-openmoji,technology,autonomous car,,Baris Camli,2018-04-18
î‡€,E1C0,extras-openmoji,technology,wireframes,,Baris Camli,2018-04-18
î‡”,E1D4,extras-openmoji,technology,wire,"wire, cord, electric, litz-wire",Kai Magnus MÃ¼ller,2018-04-18
î‡‡,E1C7,extras-openmoji,technology,led,,Baris Camli,2018-04-18
î‡ˆ,E1C8,extras-openmoji,technology,motor,,Baris Camli,2018-04-18
î‡•,E1D5,extras-openmoji,technology,potentiometer,potentiometer,Kai Magnus MÃ¼ller,2018-04-18
î‡‰,E1C9,extras-openmoji,technology,raspberry pi,,Baris Camli,2018-04-18
î‡,E1CE,extras-openmoji,technology,smartwatch,"clock, apps, monitor, intelligent, device, armlet",Kai Wanschura,2018-04-18
î‡–,E1D6,extras-openmoji,technology,solar cell,"solar, module, cell, photovoltaic",Kai Magnus MÃ¼ller,2018-04-18
î‡Š,E1CA,extras-openmoji,technology,virtual reality,,Baris Camli,2018-04-18
î‡,E1CF,extras-openmoji,technology,washing machine,"clothing, garment, cleaner, home electronics, appliance",Kai Wanschura,2018-04-18
î‡„,E1C4,extras-openmoji,technology,surveillance,"surveillance, camera, CCTV",Kai Magnus MÃ¼ller,2018-04-18
î‡,E1C1,extras-openmoji,technology,code editor,,Baris Camli,2018-04-18
î‡—,E1D7,extras-openmoji,technology,circuit,"circuit, electric, prototype",Kai Magnus MÃ¼ller,2018-04-18
î‡‹,E1CB,extras-openmoji,technology,cable,,Baris Camli,2018-04-18
î‡,E1D0,extras-openmoji,technology,ibeacon,"wireless, technology, iot, internet of things, navigation, localization, antenna, connection, reception",Kai Wanschura,2018-04-18
îˆ…,E205,extras-openmoji,travel-places,eiffel tower,"paris, tower, france",Louisa Mantsch,2018-11-16
îˆ,E201,extras-openmoji,travel-places,emergency exit,"alarm, fire, escape, way, route, guidance, signage, run, person, people, humans",Kai Wanschura,2018-04-18
îˆƒ,E203,extras-openmoji,travel-places,town,"city, village, town",Kai Magnus MÃ¼ller,2018-04-18
îˆ‚,E202,extras-openmoji,travel-places,stairway,"steps, up, down, ascend, descend, walk",Kai Wanschura,2018-04-18
îˆ„,E204,extras-openmoji,travel-places,elevator,elevator,Kai Magnus MÃ¼ller,2018-04-18
îˆ€,E200,extras-openmoji,travel-places,cafeteria,,Baris Camli,2018-04-18
îˆ†,E206,extras-openmoji,travel-places,parking garage,"parking lot, car, automobile, vehicle, sign, traffic sign, p",Kai Wanschura,2018-04-18
î‰,E24D,extras-openmoji,ui-element,return,back button,Jose Avila,2018-04-18
î‰,E24E,extras-openmoji,ui-element,close,,Jose Avila,2018-04-18
î‰›,E25B,extras-openmoji,ui-element,duplicate,"make copy, second, file, create, page, document",Kai Wanschura,2018-04-18
î‰,E24F,extras-openmoji,ui-element,forward,,Jose Avila,2018-04-18
î‰”,E254,extras-openmoji,ui-element,wifi,,Baris Camli,2018-04-18
î‰,E250,extras-openmoji,ui-element,hamburger menu,,Jose Avila,2018-04-18
î‰œ,E25C,extras-openmoji,ui-element,save,"store, hard drive, record, hdd, harddisk, download",Kai Wanschura,2018-04-18
î‰¢,E262,extras-openmoji,ui-element,delete,"delete, bin, waste, remove",Kai Magnus MÃ¼ller,2018-04-18
î‰•,E255,extras-openmoji,ui-element,copy,,Baris Camli,2018-04-18
î‰,E25D,extras-openmoji,ui-element,edit,"change, editing, pencil, page, document, file, write, writing, scribble",Kai Wanschura,2018-04-18
î‰‘,E251,extras-openmoji,ui-element,upload,,Jose Avila,2018-04-18
î‰’,E252,extras-openmoji,ui-element,download,,Jose Avila,2018-04-18
î‰“,E253,extras-openmoji,ui-element,share,,Jose Avila,2018-04-18
î‰£,E263,extras-openmoji,ui-element,comment,"comment, write",Kai Magnus MÃ¼ller,2018-04-18
î‰,E25E,extras-openmoji,ui-element,home button,"house, main, page, website, navigation, app, ui, symbol, internet, homepage",Kai Wanschura,2018-04-18
î‰Ÿ,E25F,extras-openmoji,ui-element,add button,"new, file, plus, more, create, set",Kai Wanschura,2018-04-18
î‰–,E256,extras-openmoji,ui-element,contacts,,Baris Camli,2018-04-18
î‰—,E257,extras-openmoji,ui-element,filter,,Baris Camli,2018-04-18
î‰¤,E264,extras-openmoji,ui-element,more information,"more, plus, add, cross",Kai Magnus MÃ¼ller,2018-04-18
î‰,E241,extras-openmoji,ui-element,toggle button,,Baris Camli,2018-04-18
î‰¥,E265,extras-openmoji,ui-element,sort,"sort, list, hierarchy",Kai Magnus MÃ¼ller,2018-04-18
î‰¦,E266,extras-openmoji,ui-element,inbox,"entrance, inbox, in",Kai Magnus MÃ¼ller,2018-04-18
î‰Š,E24A,extras-openmoji,ui-element,interview,"interview, talk, speak, bubble",Kai Magnus MÃ¼ller,2018-04-18
î‰˜,E258,extras-openmoji,ui-element,cursor,pointer,Carlin MacKenzie,2020-05-03
î‰§,E267,extras-openmoji,ui-element,compose,"write, compose, author",Kai Magnus MÃ¼ller,2018-04-18
î‰‚,E242,extras-openmoji,ui-element,location indicator,,Baris Camli,2018-04-18
î‰„,E244,extras-openmoji,ui-element,locomotion,"movement, transport, driving, destination, start, end, distance, track",Kai Wanschura,2018-04-18
î‰¨,E268,extras-openmoji,ui-element,add contact,"add, contact",Kai Magnus MÃ¼ller,2018-04-18
î‰ ,E260,extras-openmoji,ui-element,archive,"save, save to, library, cupboard, drawer",Kai Wanschura,2018-04-18
î‰ˆ,E248,extras-openmoji,ui-element,chats,"messaging, typing, message, text, writing, write, dialog",Kai Wanschura,2018-04-18
î‰©,E269,extras-openmoji,ui-element,link,"link, chain",Kai Magnus MÃ¼ller,2018-04-18
î‰‰,E249,extras-openmoji,ui-element,collaboration,"collab, team, teamwork, group, work, communication, circle",Kai Wanschura,2018-04-18
î‰‹,E24B,extras-openmoji,ui-element,intricate,"intricate, abstract",Kai Magnus MÃ¼ller,2018-04-18
î‰™,E259,extras-openmoji,ui-element,details,,Baris Camli,2018-04-18
î‰¡,E261,extras-openmoji,ui-element,overview,"overview, lines, list",Kai Wanschura,2018-04-18
î‰Œ,E24C,extras-openmoji,ui-element,simple,"simple, abstract",Kai Magnus MÃ¼ller,2018-04-18
î‰š,E25A,extras-openmoji,ui-element,hold,,Baris Camli,2018-04-18
î‰ƒ,E243,extras-openmoji,ui-element,scale,"measurement, scaling, size, distance, meters, inches, miles, kilometers",Kai Wanschura,2018-04-18
î‰‡,E247,extras-openmoji,ui-element,safety,,Baris Camli,2018-04-18
î‰†,E246,extras-openmoji,ui-element,people dialogue,"communication, talking, chatting, users, humans, conversation, two, face-to-face",Kai Wanschura,2018-04-18
î‰€,E240,extras-openmoji,ui-element,mark,,Baris Camli,2018-04-18
î‰…,E245,extras-openmoji,ui-element,toggle button state B,,Baris Camli,2018-04-18
îƒ,E0C1,extras-openmoji,food-drink,maultasche,"swabian, schwÃ¤bisch, schwaebisch, meal, germany",Fanny Jung,2019-05-06
î…†,E146,extras-openmoji,objects,spÃ¤tzlepresse,"swabian, schwÃ¤bisch, schwaebisch, spÃ¤tzle, germany",Fanny Jung,2019-05-06
î…‡,E147,extras-openmoji,objects,european name badge,,Selina Lange,2019-05-06
î…ˆ,E148,extras-openmoji,objects,kehrwoche,"swabian, schwÃ¤bisch, schwaebisch, germany, broom",Tonia Reinhardt,2019-05-07
î…‰,E149,extras-openmoji,objects,tardis,"time machine, doctor who, police booth, police box",Alexander MÃ¼ller,2020-04-19
îƒƒ,E0C3,extras-openmoji,food-drink,pretzel,"swabian, schwÃ¤bisch, schwaebisch, brezel, germany",Tonia Reinhardt,2019-05-07
îƒ„,E0C4,extras-openmoji,food-drink,pomegranate,"pomegranate, fruit, seeds",Carlin MacKenzie,2019-12-18
îˆŠ,E20A,extras-openmoji,travel-places,stuttgart fernsehturm,"swabian, schwÃ¤bisch, schwaebisch, germany",Tonia Reinhardt,2019-05-07
îˆ‡,E207,extras-openmoji,travel-places,schwÃ¤bisch gmÃ¼nd forum gold und silber,"swabian, schwÃ¤bisch, schwaebisch, germany, schwaebisch gmuend",Ricarda Krejci,2019-05-07
îˆˆ,E208,extras-openmoji,travel-places,schwÃ¤bisch gmÃ¼nd fÃ¼nfknopfturm,"tower, schwaebisch gmuend",Ricarda Krejci,2019-05-07
îˆ‰,E209,extras-openmoji,travel-places,schwÃ¤bisch gmÃ¼nd ratshaus,"town hall, schwaebisch gmuend",Ricarda Krejci,2019-05-07
îƒ‚,E0C2,extras-openmoji,food-drink,lentils with spaetzle,"swabian, schwÃ¤bisch, meal, germany",Ricarda Krejci,2019-05-07
îŠ€,E280,extras-openmoji,smileys-emotion,exhausted face,"exhausted, sleepy, tired, face",Mariella Steeb,2018-04-18
îŠ,E281,extras-openmoji,smileys-emotion,incredulous face,"incredulous, disbelief, shocked",Mariella Steeb,2018-04-18
îŠ‚,E282,extras-openmoji,smileys-emotion,dejected face,"sigh, ._., pensive, disappointed",Carlin MacKenzie,2020-01-10
îˆ‹,E20B,extras-openmoji,travel-places,space shuttle,"nasa, shuttle, rocket, space, galaxy, adventure, alien, transportation",Ronja BÃ¤urlen,2018-04-18
îŒŠ,E30A,extras-openmoji,healthcare,patient file,"hospital, record, filing",Tonia Reinhardt,2010-01-31
îŒ‹,E30B,extras-openmoji,healthcare,patient clipboard,"hospital, notes, transcript",Fanny Jung,2010-01-31
îŒŒ,E30C,extras-openmoji,healthcare,saline drip,"hospital, bag",Tonia Reinhardt,2010-01-31
îŒ,E30D,extras-openmoji,healthcare,blood transfusion,"medical, bleeding, loss",Fanny Jung,2010-01-31
îŒ,E30E,extras-openmoji,healthcare,swab pliers,"surgery, scissors",Fanny Jung,2010-01-31
îŒ,E30F,extras-openmoji,healthcare,hot-water bottle,"cramps, comfort, warm, period",Tonia Reinhardt,2010-01-31
îŒš,E31A,extras-openmoji,healthcare,bed linen,"hospital, bedding, sheets",Tonia Reinhardt,2010-01-31
îŒ›,E31B,extras-openmoji,healthcare,bandage change,"hospital, gauze, dressing, wound",Fanny Jung,2010-01-31
îŒœ,E31C,extras-openmoji,healthcare,eye pain,"migraine, headache, strain, sore",Tonia Reinhardt,2010-01-31
îŒ,E31D,extras-openmoji,healthcare,headache,"migraine, sore, tension, stress",Fanny Jung,2010-01-31
îŒ,E31E,extras-openmoji,healthcare,earache,"tinnitus, headache, sore",Tonia Reinhardt,2010-01-31
îŒŸ,E31F,extras-openmoji,healthcare,fracture leg,"broken, cast, bone",Fanny Jung,2010-01-31
îŒ«,E32B,extras-openmoji,healthcare,scales,"BMI, weight, mass, heavy",Fanny Jung,2010-01-31
îŒ€,E300,extras-openmoji,healthcare,female doctor,"hospital, care, surgery",Tonia Reinhardt,2010-01-31
îŒ,E301,extras-openmoji,healthcare,male doctor,"hospital, care, surgery",Fanny Jung,2010-01-31
îŒ‚,E302,extras-openmoji,healthcare,female nurse,"hospital, care, surgery",Tonia Reinhardt,2010-01-31
îŒƒ,E303,extras-openmoji,healthcare,male nurse,"hospital, care, surgery",Fanny Jung,2010-01-31
îŒ…,E305,extras-openmoji,healthcare,pills,"drug, medicine, tablets, pain killers",Fanny Jung,2010-01-31
îŒ†,E306,extras-openmoji,healthcare,plaster,"patch, band aid, plaster, wound, dressing, bandage",Tonia Reinhardt,2010-01-31
îŒ‡,E307,extras-openmoji,healthcare,medication,"drug, medicine, tablets, pain killers",Fanny Jung,2010-01-31
îŒˆ,E308,extras-openmoji,healthcare,ecg waves,"heartbeats, beat, hospital, electrocardiogram",Tonia Reinhardt,2010-01-31
îŒ‰,E309,extras-openmoji,healthcare,first aid bag,"briefcase, medicine, kit",Fanny Jung,2010-01-31
îŒ’,E312,extras-openmoji,healthcare,liver,"organ, toxins, bile",Tonia Reinhardt,2010-01-31
îŒ“,E313,extras-openmoji,healthcare,stomach,"gut, digestion, bile, acid",Fanny Jung,2010-01-31
îŒ”,E314,extras-openmoji,healthcare,large intestine,"organ, colon, gut",Tonia Reinhardt,2010-01-31
îŒ•,E315,extras-openmoji,healthcare,intestine,"organ, digestion, colon, gut",Fanny Jung,2010-01-31
îŒ–,E316,extras-openmoji,healthcare,kidney,"urine, toxins, blood, organ",Tonia Reinhardt,2010-01-31
îŒ˜,E318,extras-openmoji,healthcare,forceps,"surgery, tweezers, tongs",Tonia Reinhardt,2010-01-31
îŒ™,E319,extras-openmoji,healthcare,brain,"cortex, grey matter, intelligence, IQ",Fanny Jung,2010-01-31
îŒ ,E320,extras-openmoji,healthcare,knee pain,"ACL, ache, patella",Tonia Reinhardt,2010-01-31
îŒ¡,E321,extras-openmoji,healthcare,backache,"spine, ache, lumbar, pain",Fanny Jung,2010-01-31
îŒ¢,E322,extras-openmoji,healthcare,joint pain,"ache, arthritis, strain, cartilage",Tonia Reinhardt,2010-01-31
îŒ¤,E324,extras-openmoji,healthcare,clinical thermometer,"temperature, fever, mercury, heat",Tonia Reinhardt,2010-01-31
îŒ¥,E325,extras-openmoji,healthcare,bandage scissors,"hospital, gauze, dressing",Fanny Jung,2010-01-31
îŒ¦,E326,extras-openmoji,healthcare,crutches,"walk, broken leg, accessibility",Tonia Reinhardt,2010-01-31
îŒ§,E327,extras-openmoji,healthcare,wheel chair,"accessibility, DACA, disability, mobility",Fanny Jung,2010-01-31
îŒ¨,E328,extras-openmoji,healthcare,stretcher,"hospital, ambulance, patient, gurney",Tonia Reinhardt,2010-01-31
îŒ©,E329,extras-openmoji,healthcare,ct scan,"MRI, cat, cancer, tumour",Fanny Jung,2010-01-31
î‹€,E2C0,extras-openmoji,climate-environment,iceberg,"titanic, ship wreck, ice, cold, sea",Sina Grund,2020-02-18
î‹,E2C1,extras-openmoji,climate-environment,floating ice,"glacier, polar, sea, melt",Sina Grund,2020-02-18
î‹‚,E2C2,extras-openmoji,climate-environment,floating ice broken,"glacier, polar, sea, melt",Sina Grund,2020-02-18
î‹ƒ,E2C3,extras-openmoji,climate-environment,polar research station,"neumayer station, arctic, science",Sina Grund,2020-02-18
î‹„,E2C4,extras-openmoji,climate-environment,ice core sample,"science, research, arctic, polar",Sina Grund,2020-02-18
î‹†,E2C6,extras-openmoji,climate-environment,ice shelf,"glacier, polar, sea, melt",Sina Grund,2020-02-18
î‹‡,E2C7,extras-openmoji,climate-environment,ice shelf melting,"glacier, sea, melt, climate, global, warming",Sina Grund,2020-02-18
î‹ˆ,E2C8,extras-openmoji,climate-environment,polar explorer,"inuit, anorak with fur",Sina Grund,2020-02-18
î‹‰,E2C9,extras-openmoji,climate-environment,polar explorer man,research,Sina Grund,2020-02-18
î‹Š,E2CA,extras-openmoji,climate-environment,polar explorer woman,research,Sina Grund,2020-02-18
î‹‹,E2CB,extras-openmoji,climate-environment,oil spill,"pollution, petrol, fossil, fuel",Ricarda Krejci,2020-02-18
î‹Œ,E2CC,extras-openmoji,climate-environment,exhaust gases factory,"pollution, CO2, carbon",Ricarda Krejci,2020-02-18
î‹,E2CD,extras-openmoji,climate-environment,solar energy,"sun, panel, clean, power, renewable",Ricarda Krejci,2020-02-18
î‹,E2CE,extras-openmoji,climate-environment,meat consumption,carnivore,Ricarda Krejci,2020-02-18
î‹,E2CF,extras-openmoji,climate-environment,exhaust gases car,"pollution, carbon, CO2",Ricarda Krejci,2020-02-18
î‹,E2D0,extras-openmoji,climate-environment,sea level rise,"flood, tsunami, sinking",Ricarda Krejci,2020-02-18
î‹‘,E2D1,extras-openmoji,climate-environment,wind energy,"turbine, clean, power, renewable",Ricarda Krejci,2020-02-18
î‹’,E2D2,extras-openmoji,climate-environment,reusable bag,"recycle, nondisposable, tote, paper",Ricarda Krejci,2020-02-18
î‹“,E2D3,extras-openmoji,climate-environment,radioactive waste,"nuclear, hazardous",Robin Kurz,2020-02-18
î‹”,E2D4,extras-openmoji,climate-environment,nuclear power plant,"reactor, stacks, cooling",Robin Kurz,2020-02-18
î‹•,E2D5,extras-openmoji,climate-environment,nuclear power plant ruin,"chernobyl, fukushima, reactor",Robin Kurz,2020-02-18
î‹–,E2D6,extras-openmoji,climate-environment,geiger counter,"radiation, radioactive, science, research",Robin Kurz,2020-02-18
î‹—,E2D7,extras-openmoji,climate-environment,nuclear worker man,"radiation, protection suit",Robin Kurz,2020-02-18
î‹˜,E2D8,extras-openmoji,climate-environment,nuclear worker woman,"radiation, protection suit, ",Robin Kurz,2020-02-18
î‹™,E2D9,extras-openmoji,climate-environment,nuclear protection,"radiation, suit, gas mask, nbc suit, hazmat",Robin Kurz,2020-02-18
î‹š,E2DA,extras-openmoji,climate-environment,atom bomb,"nuclear, radioactive, nuke, WW2",Robin Kurz,2020-02-18
î€,E380,extras-openmoji,symbols,no handshaking,"hygiene, agreement, virus, meeting, spread, germs",Julian GrÃ¼neberg,2020-04-05
î,E381,extras-openmoji,symbols,web syndication,"feed, rss, atom feed, podcast, subscribe, web feed",Alexander MÃ¼ller,2020-04-19
ï£¿,F8FF,extras-openmoji,brand,apple,"iOS, osx",Alexander MÃ¼ller,2020-04-26
ï€€,F000,extras-openmoji,brand,windows,microsoft,Alexander MÃ¼ller,2020-04-26
îƒ¿,E0FF,extras-openmoji,brand,ubuntu,linux,Alexander MÃ¼ller,2020-04-26
ğŸ³ï¸â€ğŸŸ¦â€ğŸŒŒ,1F3F3-FE0F-200D-1F7E6-200D-1F30C,extras-openmoji,flags,united federation of planets flag (star trek),"star trek, future, utopia, trekkie, trekker, space",Alexander MÃ¼ller,2020-04-25
ğŸ³ï¸â€ğŸ“Œâ€âš™ï¸,1F3F3-FE0F-200D-1F4CC-200D-2699-FE0F,extras-openmoji,flags,nail and gear flag,"hello internet, cgp grey, brady haran",Alexander MÃ¼ller,2020-05-08
ğŸ³ï¸,1F3F3-FE0F,extras-openmoji,flags,white flag,surrender,Alexander MÃ¼ller,2020-05-08
ğŸ³ï¸â€ğŸŸ¥,1F3F3-FE0F-200D-1F7E5,extras-openmoji,flags,red flag,"socialism, communism",Alexander MÃ¼ller,2020-05-08
ğŸ³ï¸â€ğŸŸ¦,1F3F3-FE0F-200D-1F7E6,extras-openmoji,flags,blue flag,,Alexander MÃ¼ller,2020-05-08
ğŸ³ï¸â€ğŸŸ§,1F3F3-FE0F-200D-1F7E7,extras-openmoji,flags,orange flag,"maratha, pirate party, christian democracy",Alexander MÃ¼ller,2020-05-08
ğŸ³ï¸â€ğŸŸ¨,1F3F3-FE0F-200D-1F7E8,extras-openmoji,flags,yellow flag,"quebec, yellow jack",Alexander MÃ¼ller,2020-05-08
ğŸ³ï¸â€ğŸŸ©,1F3F3-FE0F-200D-1F7E9,extras-openmoji,flags,green flag,"green party, environmentalism",Alexander MÃ¼ller,2020-05-08
ğŸ³ï¸â€ğŸŸª,1F3F3-FE0F-200D-1F7EA,extras-openmoji,flags,purple flag,,Alexander MÃ¼ller,2020-05-08
ğŸ³ï¸â€ğŸŸ«,1F3F3-FE0F-200D-1F7EB,extras-openmoji,flags,brown flag,,Alexander MÃ¼ller,2020-05-08
âš‘ï¸â€ğŸŸ©â€â˜…ï¸,2691-FE0F-200D-1F7E9-200D-2605-FE0F,extras-openmoji,flags,browncoat flag,"firefly, serenity, independent planets",Alexander MÃ¼ller,2020-05-08
âš‘ï¸â€ğŸŸ¥,2691-FE0F-200D-1F7E5,extras-openmoji,flags,deep red flag,"socialism, communism",Alexander MÃ¼ller,2020-05-08
âš‘ï¸â€ğŸŸ¦,2691-FE0F-200D-1F7E6,extras-openmoji,flags,deep blue flag,,Alexander MÃ¼ller,2020-05-08
âš‘ï¸â€ğŸŸ§,2691-FE0F-200D-1F7E7,extras-openmoji,flags,deep orange flag,"maratha, pirate party, christian democracy",Alexander MÃ¼ller,2020-05-08
âš‘ï¸â€ğŸŸ¨,2691-FE0F-200D-1F7E8,extras-openmoji,flags,deep yellow flag,"quebec, yellow jack",Alexander MÃ¼ller,2020-05-08
âš‘ï¸â€ğŸŸ©,2691-FE0F-200D-1F7E9,extras-openmoji,flags,deep green flag,"green party, environmentalism",Alexander MÃ¼ller,2020-05-08
âš‘ï¸â€ğŸŸª,2691-FE0F-200D-1F7EA,extras-openmoji,flags,deep purple flag,,Alexander MÃ¼ller,2020-05-08
âš‘ï¸â€ğŸŸ«,2691-FE0F-200D-1F7EB,extras-openmoji,flags,deep brown flag,,Alexander MÃ¼ller,2020-05-08
ğŸ³ï¸â€ğŸŸ©â€â­â€ğŸŸ©,1F3F3-FE0F-200D-1F7E9-200D-2B50-200D-1F7E9,extras-openmoji,flags,esperanto flag,"constructed, Zamenhof",Carlin MacKenzie,2020-04-08
îƒ…,E0C5,extras-openmoji,food-drink,latte macchiato,coffee,Alexander MÃ¼ller,2020-05-11
îƒ†,E0C6,extras-openmoji,food-drink,roasted coffee bean,,Alexander MÃ¼ller,2020-05-11
î…,E150,extras-openmoji,objects,espresso machine,coffee,Alexander MÃ¼ller,2020-05-11
î…‘,E151,extras-openmoji,objects,french press,coffee,Alexander MÃ¼ller,2020-05-11
î…’,E152,extras-openmoji,objects,moka pot,coffee,Alexander MÃ¼ller,2020-05-11
î…“,E153,extras-openmoji,objects,milk jug,"coffee, latte",Alexander MÃ¼ller,2020-05-11
î…”,E154,extras-openmoji,objects,electric coffee percolator,burned coffee,Alexander MÃ¼ller,2020-05-11
î…•,E155,extras-openmoji,objects,drip coffee maker,,Alexander MÃ¼ller,2020-05-11
î…–,E156,extras-openmoji,objects,coffee grinder,,Alexander MÃ¼ller,2020-05-11
î…—,E157,extras-openmoji,objects,horse jumping hurdle,equestrian,Carlin MacKenzie,2020-09-13
î†…,E185,extras-openmoji,people,barista,person,Alexander MÃ¼ller,2020-05-11
î††,E186,extras-openmoji,people,man barista,male,Alexander MÃ¼ller,2020-05-11
î†‡,E187,extras-openmoji,people,woman barista,female,Alexander MÃ¼ller,2020-05-11
îˆŒ,E20C,extras-openmoji,travel-places,viennese coffee house,viennese coffee culture,Alexander MÃ¼ller,2020-05-11
î†ˆ,E188,extras-openmoji,people,Greta Thunberg,"climate change, sweden, activist, Fridays for Future, FFF",Daniel Utz,2020-06-02
î€,E340,extras-openmoji,gardening,gardener man,,Fanny Jung,2020-06-11
î,E341,extras-openmoji,gardening,gardener woman,,Fanny Jung,2020-06-11
î‚,E342,extras-openmoji,gardening,gardening gloves,,Fanny Jung,2020-06-11
îƒ,E343,extras-openmoji,gardening,lawn mower,,Fanny Jung,2020-06-11
î„,E344,extras-openmoji,gardening,wheelbarrow,pushcart,Fanny Jung,2020-06-11
î…,E345,extras-openmoji,gardening,spade,shovel,Tonia Reinhardt,2020-06-11
î†,E346,extras-openmoji,gardening,trowel,shovel,Tonia Reinhardt,2020-06-11
î‡,E347,extras-openmoji,gardening,axe,"wood, chop, stump",Tonia Reinhardt,2020-06-11
îˆ,E348,extras-openmoji,gardening,saw,"foxtail, carpentry, wood, branch, rip saw",Tonia Reinhardt,2020-06-11
î€‘,E011,extras-openmoji,animals-nature,microbe,"amoeba, bacteria, virus",Ricarda Krejci,2019-05-07
îˆ,E20D,extras-openmoji,travel-places,black hole,"interstellar, event horizon, accretion disc",Alexander MÃ¼ller,2020-06-28
îˆ,E048,extras-openmoji,brand,musicbrainz,music metadata,Alexander MÃ¼ller,2020-10-03
î‰,E049,extras-openmoji,brand,openfoodfact,nutrition data,Alexander MÃ¼ller,2020-10-03
îŠ,E04A,extras-openmoji,brand,openstreetmap,"map, osm, geodata",Alexander MÃ¼ller,2020-10-03
î‹,E04B,extras-openmoji,brand,wikidata,open knowledge graph,Alexander MÃ¼ller,2020-10-03
î,E050,extras-openmoji,brand,Firefox,"browser, fire, fox",Alexander MÃ¼ller,2020-11-04
î‘,E051,extras-openmoji,brand,Safari,"browser, compass, webkit, apple",Alexander MÃ¼ller,2020-11-04
î’,E052,extras-openmoji,brand,Opera,browser,Alexander MÃ¼ller,2020-11-04
î“,E053,extras-openmoji,brand,Chromium,browser,Alexander MÃ¼ller,2020-11-04
î”,E054,extras-openmoji,brand,Chrome,"browser, google",Alexander MÃ¼ller,2020-11-04
î•,E055,extras-openmoji,brand,Netscape Navigator,browser,Alexander MÃ¼ller,2020-11-04
î–,E056,extras-openmoji,brand,Internet Explorer,"browser, ie, microsoft",Alexander MÃ¼ller,2020-11-04
î—,E057,extras-openmoji,brand,Edge,"browser, microsoft",Alexander MÃ¼ller,2020-11-04
ğŸ¯†â€ğŸ‘—,1FBC6-200D-1F457,extras-openmoji,symbol-other,stick figure with dress and arms raised,legacy computing,Alexander MÃ¼ller,2020-11-04
ğŸ¯‡â€ğŸ‘—,1FBC7-200D-1F457,extras-openmoji,symbol-other,stick figure with dress leaning left,legacy computing,Alexander MÃ¼ller,2020-11-04
ğŸ¯ˆâ€ğŸ‘—,1FBC8-200D-1F457,extras-openmoji,symbol-other,stick figure with dress leaning right,legacy computing,Alexander MÃ¼ller,2020-11-04
î‚¬â€â™€ï¸,E0AC-200D-2640-FE0F,extras-openmoji,emergency,woman with medical mask,"coronavirus, COVID-19",Guemil Project,2020-11-06
î‚¬â€â™‚ï¸,E0AC-200D-2642-FE0F,extras-openmoji,emergency,man with medical mask,"coronavirus, COVID-19",Guemil Project,2020-11-06
î‚¬,E0AC,extras-openmoji,emergency,person with medical mask,"coronavirus, COVID-19",Guemil Project,2020-11-06
î‚­â€â™€ï¸,E0AD-200D-2640-FE0F,extras-openmoji,emergency,woman sneezing into elbow,"coronavirus, COVID-19, dab",Guemil Project,2020-11-06
î‚­â€â™‚ï¸,E0AD-200D-2642-FE0F,extras-openmoji,emergency,man sneezing into elbow,"coronavirus, COVID-19, dab",Guemil Project,2020-11-06
î‚­,E0AD,extras-openmoji,emergency,person sneezing into elbow,"coronavirus, COVID-19, dab",Guemil Project,2020-11-06
î‚®,E0AE,extras-openmoji,emergency,disinfect surface,"coronavirus, COVID-19, sanitize, clean",Guemil Project,2020-11-06
î‚¯,E0AF,extras-openmoji,emergency,quarantine,"coronavirus, COVID-19",Guemil Project,2020-11-06
î‚°,E0B0,extras-openmoji,emergency,social distancing,"coronavirus, COVID-19",Guemil Project,2020-11-06
î‚±,E0B1,extras-openmoji,emergency,sanitizer spray,"coronavirus, COVID-19, disinfect, clean",Guemil Project,2020-11-06
î‚²,E0B2,extras-openmoji,emergency,wash hands,"coronavirus, COVID-19, sanitize, clean",Guemil Project,2020-11-06
î‚³,E0B3,extras-openmoji,emergency,temperature taking,"coronavirus, COVID-19, thermometer",Guemil Project,2020-11-06
î‚´,E0B4,extras-openmoji,emergency,medical gloves,"coronavirus, COVID-19",Guemil Project,2020-11-06
â¬¡ï¸â€ğŸŒˆ,2B21-FE0F-200D-1F308,extras-openmoji,symbol-other,rainbow hexagon,pride,Alexander MÃ¼ller,2020-11-14
â¬¡ï¸â€ğŸŸ¥,2B21-FE0F-200D-1F7E5,extras-openmoji,symbol-other,red hexagon,,Alexander MÃ¼ller,2020-11-14
â¬¡ï¸â€ğŸŸ¦,2B21-FE0F-200D-1F7E6,extras-openmoji,symbol-other,blue hexagon,,Alexander MÃ¼ller,2020-11-14
â¬¡ï¸â€ğŸŸ§,2B21-FE0F-200D-1F7E7,extras-openmoji,symbol-other,orange hexagon,,Alexander MÃ¼ller,2020-11-14
â¬¡ï¸â€ğŸŸ¨,2B21-FE0F-200D-1F7E8,extras-openmoji,symbol-other,yellow hexagon,,Alexander MÃ¼ller,2020-11-14
â¬¡ï¸â€ğŸŸª,2B21-FE0F-200D-1F7EA,extras-openmoji,symbol-other,purple hexagon,,Alexander MÃ¼ller,2020-11-14
â¬¡ï¸â€ğŸŸ«,2B21-FE0F-200D-1F7EB,extras-openmoji,symbol-other,brown hexagon,,Alexander MÃ¼ller,2020-11-14
â¬¡ï¸â€ğŸŸ©,2B21-FE0F-200D-1F7E9,extras-openmoji,symbol-other,green hexagon,,Alexander MÃ¼ller,2020-11-14
î˜,E058,extras-openmoji,brand,iNaturalist,"opendata, nature, observation",Alexander MÃ¼ller,2020-11-04
îŠƒ,E283,extras-openmoji,smileys-emotion,annoyed face with tongue,"disappointed, playful, goofy, tongue out, annoyed, frustrated, childish, offended",Barkin Simsek,2021-01-16
ğŸ´ï¸â€ğŸ…°ï¸,1F3F4-FE0F-200D-1F170-FE0F,extras-openmoji,flags,red and black flag,"anarchist flag, bisected flag",Sam Hocevar,2021-03-15
,E20E,extras-openmoji,travel-places,foggy mountain,"fog, weather, berg, peak, elevation, hiking",Jonas Dunkel,2019-05-07
,E0C7,extras-openmoji,food-drink,cake,"custard, cherry",Miriam Vollmeier,2018-04-18
,E0C8,extras-openmoji,food-drink,champignon brown,mushroom fungi,Liz Bravo,2021-05-04
,E0C9,extras-openmoji,food-drink,champignon white,mushroom fungi,Liz Bravo,2021-05-04
,E0CA,extras-openmoji,food-drink,boule bread,"french bread, traditional bread, round bread",Alexander MÃ¼ller,2021-05-08
,E1D8,extras-openmoji,technology,qr code,"scan, tag, matrix, barcode, quick response",Alexander MÃ¼ller,2021-10-08
,E1D9,extras-openmoji,technology,barcode,"scan, tag, machine readable, data",Alexander MÃ¼ller,2021-10-20
,25C9-FE0F-200D-1F534,extras-openmoji,technology,red eye,"turret, ai, rogue ai, portal",Alexander MÃ¼ller,2021-10-20
,25C9-FE0F-200D-1F534-200D-25AE-FE0F,extras-openmoji,technology,HAL 9000,"ai, artificial intelligence, rogue ai, i'm sorry Dave, i'm afraid i can't do that, space odyssey, science fiction, 2001, Stanley Kubrick, movie, film",Alexander MÃ¼ller,2021-10-20
,E059,extras-openmoji,brand,gitlab,"git, code",Liz Bravo,2022-03-07
,E05A,extras-openmoji,brand,mastodon,"social media, twitter",Liz Bravo,2022-03-07
,E05B,extras-openmoji,brand,peertube,"social media, youtube",Liz Bravo,2022-03-07
,E05C,extras-openmoji,brand,pixelfed,"social media, image sharing platform, photo",Liz Bravo,2022-03-07
,E05D,extras-openmoji,brand,signal,"social media, messenger, whatsapp, app",Liz Bravo,2022-03-07
,1F1E6-1F1F6-1F48E,extras-openmoji,flags,true south (antarctica) flag,"antarctica flag, antarctica, antarctic",Spangle Labs,2022-04-24
,1F3F3-1F7E6-1F7E9-1F7E8,extras-openmoji,flags,berber flag,,Daniel Utz,2022-07-01
,1F9D1-200D-1FAA9,extras-openmoji,people,dj,"party, disc jockey, Diskjockey, music, rave, techno",Liz Bravo,2022-07-01
,1F468-200D-1FAA9,extras-openmoji,people,dj man,"party, disc jockey, Diskjockey, music, rave, techno",Liz Bravo,2022-07-01
,1F469-200D-1FAA9,extras-openmoji,people,dj woman,"party, disc jockey, Diskjockey, music, rave, techno",Liz Bravo,2022-07-01
,E20F,extras-openmoji,travel-places,great pyramid of giza,"seven wonders of the ancient world, egypt",Niklas Kuntz,2022-07-01
,E210,extras-openmoji,travel-places,colossus of rhodes,"seven wonders of the ancient world, greece",Niklas Kuntz,2022-07-01
,E211,extras-openmoji,travel-places,hanging gardens of babylon,"seven wonders of the ancient world, iraq",Niklas Kuntz,2022-07-01
,E212,extras-openmoji,travel-places,lighthouse of alexandria,"seven wonders of the ancient world, egypt",Niklas Kuntz,2022-07-01
,E213,extras-openmoji,travel-places,mausoleum at halicarnassus,"seven wonders of the ancient world, turkey",Niklas Kuntz,2022-07-01
,E214,extras-openmoji,travel-places,statue of zeus at olympia,"seven wonders of the ancient world, greece",Niklas Kuntz,2022-07-01
,E215,extras-openmoji,travel-places,temple of artemis at ephesus,"seven wonders of the ancient world, turkey",Niklas Kuntz,2022-07-01
,E216,extras-openmoji,travel-places,moai,"stone, easter island",Liz Bravo,2022-07-05
